run_date,source
2024-01-28,local
2024-01-28,github
2024-01-29,github
2024-01-30,github
2024-01-31,github
2024-02-01,github
2024-02-02,github
2024-02-03,github
2024-02-04,github
2024-02-05,github
2024-02-06,github
2024-02-07,github
2024-02-08,github
2024-02-09,github
2024-02-10,github
2024-02-11,github
2024-02-12,github
2024-02-13,github
2024-02-14,github
2024-02-15,github
2024-02-16,github
2024-02-17,github
2024-02-18,github
2024-02-19,github
2024-02-20,github
2024-02-21,github
2024-02-22,github
2024-02-23,github
2024-02-24,github
2024-02-25,github
2024-02-26,github
2024-02-27,github
2024-02-28,github
2024-02-29,github
2024-03-01,github
2024-03-02,github
2024-03-03,github
2024-03-04,github
2024-03-05,github
2024-03-06,github
2024-03-07,github
2024-03-08,github
2024-03-09,github
2024-03-10,github
2024-03-11,github
2024-03-12,github
2024-03-13,github
2024-03-14,github
2024-03-15,github
2024-03-16,github
2024-03-17,github
2024-03-18,github
2024-03-19,github
2024-03-20,github
2024-03-21,github
2024-03-22,github
2024-03-23,github
2024-03-24,github
2024-03-25,github
2024-03-26,github
2024-03-27,github
2024-03-28,github
2024-03-29,github
2024-03-30,github
2024-03-31,github
2024-04-01,github
2024-04-02,github
2024-04-03,github
2024-04-04,github
2024-04-05,github
2024-04-06,github
2024-04-07,github
2024-04-08,github
2024-04-09,github
2024-04-10,github
2024-04-11,github
2024-04-12,github
2024-04-13,github
2024-04-14,github
2024-04-15,github
2024-04-16,github
2024-04-17,github
2024-04-18,github
2024-04-19,github
2024-04-20,github
2024-04-21,github
2024-04-22,github
2024-04-23,github
2024-04-24,github
2024-04-25,github
2024-04-26,github
2024-04-27,github
2024-04-28,github
2024-04-29,github
2024-04-30,github
2024-05-01,github
2024-05-02,github
2024-05-03,github
2024-05-04,github
2024-05-05,github
2024-05-06,github
2024-05-07,github
2024-05-08,github
2024-05-09,github
2024-05-10,github
2024-05-11,github
2024-05-12,github
2024-05-13,github
2024-05-14,github
2024-05-15,github
2024-05-16,github
2024-05-17,github
2024-05-18,github
2024-05-19,github
2024-05-20,github
2024-05-21,github
2024-05-22,github
2024-05-23,github
2024-05-24,github
2024-05-25,github
2024-05-26,github
2024-05-27,github
2024-05-28,github
2024-05-29,github
2024-05-30,github
2024-05-31,github
2024-06-01,github
2024-06-02,github
2024-06-03,github
2024-06-04,github
2024-06-05,github
2024-06-06,github
2024-06-07,github
2024-06-08,github
2024-06-09,github
2024-06-10,github
2024-06-11,github
2024-06-12,github
2024-06-13,github
2024-06-14,github
2024-06-15,github
2024-06-16,github
2024-06-17,github
2024-06-18,github
2024-06-19,github
2024-06-20,github
2024-06-21,github
2024-06-22,github
2024-06-23,github
2024-06-24,github
2024-06-25,github
2024-06-26,github
2024-06-27,github
2024-06-28,github
2024-06-29,github
2024-06-30,github
2024-07-01,github
2024-07-02,github
2024-07-03,github
2024-07-04,github
2024-07-05,github
2024-07-06,github
2024-07-07,github
2024-07-08,github
2024-07-09,github
2024-07-10,github
2024-07-11,github
2024-07-12,github
2024-07-13,github
2024-07-14,github
2024-07-15,github
2024-07-16,github
2024-07-17,github
2024-07-18,github
2024-07-19,github
2024-07-20,github
2024-07-21,github
2024-07-22,github
2024-07-23,github
2024-07-24,github
2024-07-25,github
2024-07-26,github
2024-07-27,github
2024-07-28,github
2024-07-29,github
2024-07-30,github
2024-07-31,github
2024-08-01,github
2024-08-02,github
2024-08-03,github
2024-08-04,github
2024-08-05,github
2024-08-06,github
2024-08-07,github
2024-08-08,github
2024-08-09,github
2024-08-10,github
2024-08-11,github
2024-08-12,github
2024-08-13,github
2024-08-14,github
2024-08-15,github
2024-08-16,github
2024-08-17,github
2024-08-18,github
2024-08-19,github
2024-08-20,github
2024-08-21,github
2024-08-22,github
2024-08-23,github
2024-08-24,github
2024-08-25,github
2024-08-26,github
2024-08-27,github
2024-08-28,github
2024-08-29,github
2024-08-30,github
2024-08-31,github
2024-09-01,github
2024-09-02,github
2024-09-03,github
2024-09-04,github
2024-09-05,github
2024-09-06,github
2024-09-07,github
2024-09-08,github
2024-09-09,github
2024-09-10,github
2024-09-11,github
2024-09-12,github
2024-09-13,github
2024-09-14,github
2024-09-15,github
2024-09-16,github
2024-09-17,github
2024-09-18,github
2024-09-19,github
2024-09-20,github
2024-09-21,github
2024-09-22,github
2024-09-23,github
2024-09-24,github
2024-09-25,github
2024-09-26,github
2024-09-27,github
2024-09-28,github
2024-09-29,github
2024-09-30,github
2024-10-01,github
2024-10-02,github
2024-10-03,github
2024-10-04,github
2024-10-05,github
2024-10-06,github
2024-10-07,github
2024-10-08,github
2024-10-09,github
2024-10-10,github
2024-10-11,github
2024-10-12,github
2024-10-17,github
2024-10-18,github
2024-10-19,github
2024-10-20,github
2024-10-21,github
2024-10-22,github
2024-10-23,github
2024-10-24,github
2024-10-25,github
2024-10-26,github
2024-10-27,github
2024-10-28,github
2024-10-29,github
2024-10-30,github
2024-10-31,github
2024-11-01,github
2024-11-02,github
2024-11-03,github
2024-11-04,github
2024-11-05,github
2024-11-06,github
2024-11-07,github
2024-11-08,github
2024-11-09,github
2024-11-10,github
2024-11-11,github
2024-11-12,github
2024-11-13,github
2024-11-14,github
2024-11-15,github
2024-11-16,github
2024-11-17,github
2024-11-18,github
2024-11-19,github
2024-11-20,github
2024-11-21,github
2024-11-22,github
2024-11-23,github
2024-11-24,github
2024-11-25,github
2024-11-26,github
2024-11-27,github
2024-11-28,github
2024-11-29,github
2024-11-30,github
2024-12-01,github
2024-12-02,github
2024-12-03,github
2024-12-04,github
2024-12-05,github
2024-12-06,github
2024-12-07,github
2024-12-08,github
2024-12-09,github
2024-12-10,github
2024-12-11,github
2024-12-12,github
2024-12-13,github
2024-12-14,github
2024-12-15,github
2024-12-16,github
2024-12-17,github
2024-12-18,github
2024-12-19,github
2024-12-20,github
2024-12-21,github
2024-12-22,github
2024-12-23,github
2024-12-24,github
2024-12-25,github
2024-12-26,github
2024-12-27,github
2024-12-28,github
2024-12-29,github
2024-12-30,github
2024-12-31,github
2025-01-01,github
2025-01-02,github
2025-01-03,github
2025-01-04,github
2025-01-05,github
2025-01-06,github
2025-01-07,github
2025-01-08,github
2025-01-09,github
2025-01-10,github
2025-01-11,github
2025-01-12,github
2025-01-13,github
2025-01-14,github
2025-01-15,github
2025-01-16,github
2025-01-17,github
2025-01-18,github
2025-01-19,github
2025-01-20,github
2025-01-21,github
2025-01-22,github
2025-01-23,github
2025-01-24,github
2025-01-25,github
2025-01-26,github
2025-01-27,github
2025-01-28,github
2025-01-29,github
2025-01-30,github
2025-01-31,github
2025-02-01,github
2025-02-02,github
2025-02-03,github
2025-02-04,github
2025-02-05,github
2025-02-06,github
2025-02-07,github
2025-02-08,github
2025-02-09,github
2025-02-10,github
2025-02-11,github
2025-02-12,github
2025-02-13,github
2025-02-14,github
2025-02-15,github
2025-02-16,github
2025-02-17,github
2025-02-18,github
2025-02-19,github
2025-02-20,github
2025-02-21,github
2025-02-22,github
2025-02-23,github
2025-02-24,github
2025-02-25,github
2025-02-26,github
2025-02-27,github
2025-02-28,github
2025-03-01,github
2025-03-02,github
2025-03-03,github
2025-03-04,github
2025-03-05,github
2025-03-06,github
2025-03-07,github
2025-03-08,github
2025-03-09,github
2025-03-10,github
2025-03-11,github
2025-03-12,github
2025-03-13,github
2025-03-14,github
2025-03-15,github
2025-03-16,github
2025-03-17,github
2025-03-18,github
2025-03-19,github
2025-03-20,github
2025-03-21,github
2025-03-22,github
2025-03-23,github
2025-03-24,github
2025-03-25,github
2025-03-26,github
2025-03-27,github
2025-03-28,github
2025-03-29,github
2025-03-30,github
2025-03-31,github
2025-04-01,github
2025-04-02,github
2025-04-03,github
2025-04-04,github
2025-04-05,github
2025-04-06,github
2025-04-07,github
2025-04-08,github
2025-04-09,github
2025-04-10,github
2025-04-11,github
2025-04-12,github
2025-04-13,github
2025-04-14,github
2025-04-15,github
2025-04-16,github
2025-04-17,github
2025-04-18,github
2025-04-19,github
2025-04-20,github
2025-04-21,github
2025-04-22,github
2025-04-23,github
2025-04-24,github
2025-04-25,github
2025-04-26,github
2025-04-27,github
2025-04-28,github
2025-04-29,github
2025-04-30,github
2025-05-01,github
2025-05-02,github
2025-05-03,github
2025-05-04,github
2025-05-05,github
2025-05-06,github
2025-05-07,github
2025-05-08,github
2025-05-09,github
2025-05-10,github
2025-05-11,github
2025-05-12,github
2025-05-13,github
2025-05-14,github
2025-05-15,github
2025-05-16,github
2025-05-17,github
2025-05-18,github
2025-05-19,github
2025-05-20,github
2025-05-21,github
2025-05-22,github
2025-05-23,github
2025-05-24,github
2025-05-25,github
2025-05-26,github
2025-05-27,github
2025-05-28,github
2025-05-29,github
2025-05-30,github
2025-05-31,github
2025-06-01,github
2025-06-02,github
2025-06-03,github
2025-06-04,github
2025-06-05,github
2025-06-06,github
2025-06-07,github
2025-06-08,github
2025-06-09,github
2025-06-10,github
2025-06-11,github
2025-06-12,github
2025-06-13,github
2025-06-14,github
2025-06-15,github
2025-06-16,github
2025-06-17,github
2025-06-18,github
2025-06-19,github
2025-06-20,github
2025-06-21,github
